layer,head,sink_mass,h2_raw,h2_isolated,Head Type
0,0,0.0068817138671875,4.43359375,4.421875,Contextual / Retrieval Head
0,1,,,,Contextual / Retrieval Head
0,2,0.0010671615600585938,3.62890625,3.626953125,Contextual / Retrieval Head
0,3,,,,Contextual / Retrieval Head
0,4,0.0026111602783203125,4.47265625,4.46875,Contextual / Retrieval Head
0,5,5.3822994232177734e-05,3.37890625,3.37890625,Contextual / Retrieval Head
0,6,0.0,3.466796875,3.466796875,Contextual / Retrieval Head
0,7,0.00038051605224609375,3.50390625,3.501953125,Contextual / Retrieval Head
0,8,0.00010025501251220703,3.517578125,3.517578125,Contextual / Retrieval Head
0,9,0.003704071044921875,4.03125,4.0234375,Contextual / Retrieval Head
0,10,5.960464477539063e-08,3.490234375,3.490234375,Contextual / Retrieval Head
0,11,0.00021958351135253906,3.623046875,3.62109375,Contextual / Retrieval Head
1,0,,,,Contextual / Retrieval Head
1,1,,,,Contextual / Retrieval Head
1,2,,,,Contextual / Retrieval Head
1,3,,,,Contextual / Retrieval Head
1,4,,,,Contextual / Retrieval Head
1,5,,,,Contextual / Retrieval Head
1,6,,,,Contextual / Retrieval Head
1,7,,,,Contextual / Retrieval Head
1,8,,,,Contextual / Retrieval Head
1,9,,,,Contextual / Retrieval Head
1,10,,,,Contextual / Retrieval Head
1,11,,,,Contextual / Retrieval Head
2,0,,,,Contextual / Retrieval Head
2,1,,,,Contextual / Retrieval Head
2,2,,,,Contextual / Retrieval Head
2,3,,,,Contextual / Retrieval Head
2,4,,,,Contextual / Retrieval Head
2,5,,,,Contextual / Retrieval Head
2,6,,,,Contextual / Retrieval Head
2,7,,,,Contextual / Retrieval Head
2,8,,,,Contextual / Retrieval Head
2,9,,,,Contextual / Retrieval Head
2,10,,,,Contextual / Retrieval Head
2,11,,,,Contextual / Retrieval Head
3,0,,,,Contextual / Retrieval Head
3,1,,,,Contextual / Retrieval Head
3,2,,,,Contextual / Retrieval Head
3,3,,,,Contextual / Retrieval Head
3,4,,,,Contextual / Retrieval Head
3,5,,,,Contextual / Retrieval Head
3,6,,,,Contextual / Retrieval Head
3,7,,,,Contextual / Retrieval Head
3,8,,,,Contextual / Retrieval Head
3,9,,,,Contextual / Retrieval Head
3,10,,,,Contextual / Retrieval Head
3,11,,,,Contextual / Retrieval Head
4,0,,,,Contextual / Retrieval Head
4,1,,,,Contextual / Retrieval Head
4,2,,,,Contextual / Retrieval Head
4,3,,,,Contextual / Retrieval Head
4,4,,,,Contextual / Retrieval Head
4,5,,,,Contextual / Retrieval Head
4,6,,,,Contextual / Retrieval Head
4,7,,,,Contextual / Retrieval Head
4,8,,,,Contextual / Retrieval Head
4,9,,,,Contextual / Retrieval Head
4,10,,,,Contextual / Retrieval Head
4,11,,,,Contextual / Retrieval Head
5,0,,,,Contextual / Retrieval Head
5,1,,,,Contextual / Retrieval Head
5,2,,,,Contextual / Retrieval Head
5,3,,,,Contextual / Retrieval Head
5,4,,,,Contextual / Retrieval Head
5,5,,,,Contextual / Retrieval Head
5,6,,,,Contextual / Retrieval Head
5,7,,,,Contextual / Retrieval Head
5,8,,,,Contextual / Retrieval Head
5,9,,,,Contextual / Retrieval Head
5,10,,,,Contextual / Retrieval Head
5,11,,,,Contextual / Retrieval Head
6,0,,,,Contextual / Retrieval Head
6,1,,,,Contextual / Retrieval Head
6,2,,,,Contextual / Retrieval Head
6,3,,,,Contextual / Retrieval Head
6,4,,,,Contextual / Retrieval Head
6,5,,,,Contextual / Retrieval Head
6,6,,,,Contextual / Retrieval Head
6,7,,,,Contextual / Retrieval Head
6,8,,,,Contextual / Retrieval Head
6,9,,,,Contextual / Retrieval Head
6,10,,,,Contextual / Retrieval Head
6,11,,,,Contextual / Retrieval Head
7,0,,,,Contextual / Retrieval Head
7,1,,,,Contextual / Retrieval Head
7,2,,,,Contextual / Retrieval Head
7,3,,,,Contextual / Retrieval Head
7,4,,,,Contextual / Retrieval Head
7,5,,,,Contextual / Retrieval Head
7,6,,,,Contextual / Retrieval Head
7,7,,,,Contextual / Retrieval Head
7,8,,,,Contextual / Retrieval Head
7,9,,,,Contextual / Retrieval Head
7,10,,,,Contextual / Retrieval Head
7,11,,,,Contextual / Retrieval Head
8,0,,,,Contextual / Retrieval Head
8,1,,,,Contextual / Retrieval Head
8,2,,,,Contextual / Retrieval Head
8,3,,,,Contextual / Retrieval Head
8,4,,,,Contextual / Retrieval Head
8,5,,,,Contextual / Retrieval Head
8,6,,,,Contextual / Retrieval Head
8,7,,,,Contextual / Retrieval Head
8,8,,,,Contextual / Retrieval Head
8,9,,,,Contextual / Retrieval Head
8,10,,,,Contextual / Retrieval Head
8,11,,,,Contextual / Retrieval Head
9,0,,,,Contextual / Retrieval Head
9,1,,,,Contextual / Retrieval Head
9,2,,,,Contextual / Retrieval Head
9,3,,,,Contextual / Retrieval Head
9,4,,,,Contextual / Retrieval Head
9,5,,,,Contextual / Retrieval Head
9,6,,,,Contextual / Retrieval Head
9,7,,,,Contextual / Retrieval Head
9,8,,,,Contextual / Retrieval Head
9,9,,,,Contextual / Retrieval Head
9,10,,,,Contextual / Retrieval Head
9,11,,,,Contextual / Retrieval Head
10,0,,,,Contextual / Retrieval Head
10,1,,,,Contextual / Retrieval Head
10,2,,,,Contextual / Retrieval Head
10,3,,,,Contextual / Retrieval Head
10,4,,,,Contextual / Retrieval Head
10,5,,,,Contextual / Retrieval Head
10,6,,,,Contextual / Retrieval Head
10,7,,,,Contextual / Retrieval Head
10,8,,,,Contextual / Retrieval Head
10,9,,,,Contextual / Retrieval Head
10,10,,,,Contextual / Retrieval Head
10,11,,,,Contextual / Retrieval Head
11,0,,,,Contextual / Retrieval Head
11,1,,,,Contextual / Retrieval Head
11,2,,,,Contextual / Retrieval Head
11,3,,,,Contextual / Retrieval Head
11,4,,,,Contextual / Retrieval Head
11,5,,,,Contextual / Retrieval Head
11,6,,,,Contextual / Retrieval Head
11,7,,,,Contextual / Retrieval Head
11,8,,,,Contextual / Retrieval Head
11,9,,,,Contextual / Retrieval Head
11,10,,,,Contextual / Retrieval Head
11,11,,,,Contextual / Retrieval Head
12,0,,,,Contextual / Retrieval Head
12,1,,,,Contextual / Retrieval Head
12,2,,,,Contextual / Retrieval Head
12,3,,,,Contextual / Retrieval Head
12,4,,,,Contextual / Retrieval Head
12,5,,,,Contextual / Retrieval Head
12,6,,,,Contextual / Retrieval Head
12,7,,,,Contextual / Retrieval Head
12,8,,,,Contextual / Retrieval Head
12,9,,,,Contextual / Retrieval Head
12,10,,,,Contextual / Retrieval Head
12,11,,,,Contextual / Retrieval Head
13,0,,,,Contextual / Retrieval Head
13,1,,,,Contextual / Retrieval Head
13,2,,,,Contextual / Retrieval Head
13,3,,,,Contextual / Retrieval Head
13,4,,,,Contextual / Retrieval Head
13,5,,,,Contextual / Retrieval Head
13,6,,,,Contextual / Retrieval Head
13,7,,,,Contextual / Retrieval Head
13,8,,,,Contextual / Retrieval Head
13,9,,,,Contextual / Retrieval Head
13,10,,,,Contextual / Retrieval Head
13,11,,,,Contextual / Retrieval Head
14,0,,,,Contextual / Retrieval Head
14,1,,,,Contextual / Retrieval Head
14,2,,,,Contextual / Retrieval Head
14,3,,,,Contextual / Retrieval Head
14,4,,,,Contextual / Retrieval Head
14,5,,,,Contextual / Retrieval Head
14,6,,,,Contextual / Retrieval Head
14,7,,,,Contextual / Retrieval Head
14,8,,,,Contextual / Retrieval Head
14,9,,,,Contextual / Retrieval Head
14,10,,,,Contextual / Retrieval Head
14,11,,,,Contextual / Retrieval Head
15,0,,,,Contextual / Retrieval Head
15,1,,,,Contextual / Retrieval Head
15,2,,,,Contextual / Retrieval Head
15,3,,,,Contextual / Retrieval Head
15,4,,,,Contextual / Retrieval Head
15,5,,,,Contextual / Retrieval Head
15,6,,,,Contextual / Retrieval Head
15,7,,,,Contextual / Retrieval Head
15,8,,,,Contextual / Retrieval Head
15,9,,,,Contextual / Retrieval Head
15,10,,,,Contextual / Retrieval Head
15,11,,,,Contextual / Retrieval Head
16,0,,,,Contextual / Retrieval Head
16,1,,,,Contextual / Retrieval Head
16,2,,,,Contextual / Retrieval Head
16,3,,,,Contextual / Retrieval Head
16,4,,,,Contextual / Retrieval Head
16,5,,,,Contextual / Retrieval Head
16,6,,,,Contextual / Retrieval Head
16,7,,,,Contextual / Retrieval Head
16,8,,,,Contextual / Retrieval Head
16,9,,,,Contextual / Retrieval Head
16,10,,,,Contextual / Retrieval Head
16,11,,,,Contextual / Retrieval Head
17,0,,,,Contextual / Retrieval Head
17,1,,,,Contextual / Retrieval Head
17,2,,,,Contextual / Retrieval Head
17,3,,,,Contextual / Retrieval Head
17,4,,,,Contextual / Retrieval Head
17,5,,,,Contextual / Retrieval Head
17,6,,,,Contextual / Retrieval Head
17,7,,,,Contextual / Retrieval Head
17,8,,,,Contextual / Retrieval Head
17,9,,,,Contextual / Retrieval Head
17,10,,,,Contextual / Retrieval Head
17,11,,,,Contextual / Retrieval Head
18,0,,,,Contextual / Retrieval Head
18,1,,,,Contextual / Retrieval Head
18,2,,,,Contextual / Retrieval Head
18,3,,,,Contextual / Retrieval Head
18,4,,,,Contextual / Retrieval Head
18,5,,,,Contextual / Retrieval Head
18,6,,,,Contextual / Retrieval Head
18,7,,,,Contextual / Retrieval Head
18,8,,,,Contextual / Retrieval Head
18,9,,,,Contextual / Retrieval Head
18,10,,,,Contextual / Retrieval Head
18,11,,,,Contextual / Retrieval Head
19,0,,,,Contextual / Retrieval Head
19,1,,,,Contextual / Retrieval Head
19,2,,,,Contextual / Retrieval Head
19,3,,,,Contextual / Retrieval Head
19,4,,,,Contextual / Retrieval Head
19,5,,,,Contextual / Retrieval Head
19,6,,,,Contextual / Retrieval Head
19,7,,,,Contextual / Retrieval Head
19,8,,,,Contextual / Retrieval Head
19,9,,,,Contextual / Retrieval Head
19,10,,,,Contextual / Retrieval Head
19,11,,,,Contextual / Retrieval Head
20,0,,,,Contextual / Retrieval Head
20,1,,,,Contextual / Retrieval Head
20,2,,,,Contextual / Retrieval Head
20,3,,,,Contextual / Retrieval Head
20,4,,,,Contextual / Retrieval Head
20,5,,,,Contextual / Retrieval Head
20,6,,,,Contextual / Retrieval Head
20,7,,,,Contextual / Retrieval Head
20,8,,,,Contextual / Retrieval Head
20,9,,,,Contextual / Retrieval Head
20,10,,,,Contextual / Retrieval Head
20,11,,,,Contextual / Retrieval Head
21,0,,,,Contextual / Retrieval Head
21,1,,,,Contextual / Retrieval Head
21,2,,,,Contextual / Retrieval Head
21,3,,,,Contextual / Retrieval Head
21,4,,,,Contextual / Retrieval Head
21,5,,,,Contextual / Retrieval Head
21,6,,,,Contextual / Retrieval Head
21,7,,,,Contextual / Retrieval Head
21,8,,,,Contextual / Retrieval Head
21,9,,,,Contextual / Retrieval Head
21,10,,,,Contextual / Retrieval Head
21,11,,,,Contextual / Retrieval Head
22,0,,,,Contextual / Retrieval Head
22,1,,,,Contextual / Retrieval Head
22,2,,,,Contextual / Retrieval Head
22,3,,,,Contextual / Retrieval Head
22,4,,,,Contextual / Retrieval Head
22,5,,,,Contextual / Retrieval Head
22,6,,,,Contextual / Retrieval Head
22,7,,,,Contextual / Retrieval Head
22,8,,,,Contextual / Retrieval Head
22,9,,,,Contextual / Retrieval Head
22,10,,,,Contextual / Retrieval Head
22,11,,,,Contextual / Retrieval Head
23,0,,,,Contextual / Retrieval Head
23,1,,,,Contextual / Retrieval Head
23,2,,,,Contextual / Retrieval Head
23,3,,,,Contextual / Retrieval Head
23,4,,,,Contextual / Retrieval Head
23,5,,,,Contextual / Retrieval Head
23,6,,,,Contextual / Retrieval Head
23,7,,,,Contextual / Retrieval Head
23,8,,,,Contextual / Retrieval Head
23,9,,,,Contextual / Retrieval Head
23,10,,,,Contextual / Retrieval Head
23,11,,,,Contextual / Retrieval Head
24,0,,,,Contextual / Retrieval Head
24,1,,,,Contextual / Retrieval Head
24,2,,,,Contextual / Retrieval Head
24,3,,,,Contextual / Retrieval Head
24,4,,,,Contextual / Retrieval Head
24,5,,,,Contextual / Retrieval Head
24,6,,,,Contextual / Retrieval Head
24,7,,,,Contextual / Retrieval Head
24,8,,,,Contextual / Retrieval Head
24,9,,,,Contextual / Retrieval Head
24,10,,,,Contextual / Retrieval Head
24,11,,,,Contextual / Retrieval Head
25,0,,,,Contextual / Retrieval Head
25,1,,,,Contextual / Retrieval Head
25,2,,,,Contextual / Retrieval Head
25,3,,,,Contextual / Retrieval Head
25,4,,,,Contextual / Retrieval Head
25,5,,,,Contextual / Retrieval Head
25,6,,,,Contextual / Retrieval Head
25,7,,,,Contextual / Retrieval Head
25,8,,,,Contextual / Retrieval Head
25,9,,,,Contextual / Retrieval Head
25,10,,,,Contextual / Retrieval Head
25,11,,,,Contextual / Retrieval Head
26,0,,,,Contextual / Retrieval Head
26,1,,,,Contextual / Retrieval Head
26,2,,,,Contextual / Retrieval Head
26,3,,,,Contextual / Retrieval Head
26,4,,,,Contextual / Retrieval Head
26,5,,,,Contextual / Retrieval Head
26,6,,,,Contextual / Retrieval Head
26,7,,,,Contextual / Retrieval Head
26,8,,,,Contextual / Retrieval Head
26,9,,,,Contextual / Retrieval Head
26,10,,,,Contextual / Retrieval Head
26,11,,,,Contextual / Retrieval Head
27,0,,,,Contextual / Retrieval Head
27,1,,,,Contextual / Retrieval Head
27,2,,,,Contextual / Retrieval Head
27,3,,,,Contextual / Retrieval Head
27,4,,,,Contextual / Retrieval Head
27,5,,,,Contextual / Retrieval Head
27,6,,,,Contextual / Retrieval Head
27,7,,,,Contextual / Retrieval Head
27,8,,,,Contextual / Retrieval Head
27,9,,,,Contextual / Retrieval Head
27,10,,,,Contextual / Retrieval Head
27,11,,,,Contextual / Retrieval Head
