doc_idx,layer,group,d_jaccard,uor_empirical,page_entrokv_uor
0,4,0,0.0,1.0,1.0
0,4,1,0.0,1.0,1.0
0,9,0,0.0,1.0,1.0
0,9,1,0.0,1.0,1.0
0,14,0,0.0,1.0,1.0
0,14,1,0.0,1.0,1.0
0,18,0,0.0,1.0,1.0
0,18,1,0.0,1.0,1.0
0,23,0,0.0,1.0,1.0
0,23,1,0.0,1.0,1.0
0,26,0,0.0,1.0,1.0
0,26,1,0.0,1.0,1.0
1,4,0,0.0,1.0,1.0
1,4,1,0.0,1.0,1.0
1,9,0,0.0,1.0,1.0
1,9,1,0.0,1.0,1.0
1,14,0,0.0,1.0,1.0
1,14,1,0.0,1.0,1.0
1,18,0,0.0,1.0,1.0
1,18,1,0.0,1.0,1.0
1,23,0,0.0,1.0,1.0
1,23,1,0.0,1.0,1.0
1,26,0,0.0,1.0,1.0
1,26,1,0.0,1.0,1.0
2,4,0,0.0,1.0,1.0
2,4,1,0.0,1.0,1.0
2,9,0,0.0,1.0,1.0
2,9,1,0.0,1.0,1.0
2,14,0,0.0,1.0,1.0
2,14,1,0.0,1.0,1.0
2,18,0,0.0,1.0,1.0
2,18,1,0.0,1.0,1.0
2,23,0,0.0,1.0,1.0
2,23,1,0.0,1.0,1.0
2,26,0,0.0,1.0,1.0
2,26,1,0.0,1.0,1.0
3,4,0,0.0,1.0,1.0
3,4,1,0.0,1.0,1.0
3,9,0,0.0,1.0,1.0
3,9,1,0.0,1.0,1.0
3,14,0,0.0,1.0,1.0
3,14,1,0.0,1.0,1.0
3,18,0,0.0,1.0,1.0
3,18,1,0.0,1.0,1.0
3,23,0,0.0,1.0,1.0
3,23,1,0.0,1.0,1.0
3,26,0,0.0,1.0,1.0
3,26,1,0.0,1.0,1.0
4,4,0,0.0,1.0,1.0
4,4,1,0.0,1.0,1.0
4,9,0,0.0,1.0,1.0
4,9,1,0.0,1.0,1.0
4,14,0,0.0,1.0,1.0
4,14,1,0.0,1.0,1.0
4,18,0,0.0,1.0,1.0
4,18,1,0.0,1.0,1.0
4,23,0,0.0,1.0,1.0
4,23,1,0.0,1.0,1.0
4,26,0,0.0,1.0,1.0
4,26,1,0.0,1.0,1.0
5,4,0,0.0,1.0,1.0
5,4,1,0.0,1.0,1.0
5,9,0,0.0,1.0,1.0
5,9,1,0.0,1.0,1.0
5,14,0,0.0,1.0,1.0
5,14,1,0.0,1.0,1.0
5,18,0,0.0,1.0,1.0
5,18,1,0.0,1.0,1.0
5,23,0,0.0,1.0,1.0
5,23,1,0.0,1.0,1.0
5,26,0,0.0,1.0,1.0
5,26,1,0.0,1.0,1.0
6,4,0,0.0,1.0,1.0
6,4,1,0.0,1.0,1.0
6,9,0,0.0,1.0,1.0
6,9,1,0.0,1.0,1.0
6,14,0,0.0,1.0,1.0
6,14,1,0.0,1.0,1.0
6,18,0,0.0,1.0,1.0
6,18,1,0.0,1.0,1.0
6,23,0,0.0,1.0,1.0
6,23,1,0.0,1.0,1.0
6,26,0,0.0,1.0,1.0
6,26,1,0.0,1.0,1.0
7,4,0,0.0,1.0,1.0
7,4,1,0.0,1.0,1.0
7,9,0,0.0,1.0,1.0
7,9,1,0.0,1.0,1.0
7,14,0,0.0,1.0,1.0
7,14,1,0.0,1.0,1.0
7,18,0,0.0,1.0,1.0
7,18,1,0.0,1.0,1.0
7,23,0,0.0,1.0,1.0
7,23,1,0.0,1.0,1.0
7,26,0,0.0,1.0,1.0
7,26,1,0.0,1.0,1.0
8,4,0,0.0,1.0,1.0
8,4,1,0.0,1.0,1.0
8,9,0,0.0,1.0,1.0
8,9,1,0.0,1.0,1.0
8,14,0,0.0,1.0,1.0
8,14,1,0.0,1.0,1.0
8,18,0,0.0,1.0,1.0
8,18,1,0.0,1.0,1.0
8,23,0,0.0,1.0,1.0
8,23,1,0.0,1.0,1.0
8,26,0,0.0,1.0,1.0
8,26,1,0.0,1.0,1.0
9,4,0,0.0,1.0,1.0
9,4,1,0.0,1.0,1.0
9,9,0,0.0,1.0,1.0
9,9,1,0.0,1.0,1.0
9,14,0,0.0,1.0,1.0
9,14,1,0.0,1.0,1.0
9,18,0,0.0,1.0,1.0
9,18,1,0.0,1.0,1.0
9,23,0,0.0,1.0,1.0
9,23,1,0.0,1.0,1.0
9,26,0,0.0,1.0,1.0
9,26,1,0.0,1.0,1.0
10,4,0,0.0,1.0,1.0
10,4,1,0.0,1.0,1.0
10,9,0,0.0,1.0,1.0
10,9,1,0.0,1.0,1.0
10,14,0,0.0,1.0,1.0
10,14,1,0.0,1.0,1.0
10,18,0,0.0,1.0,1.0
10,18,1,0.0,1.0,1.0
10,23,0,0.0,1.0,1.0
10,23,1,0.0,1.0,1.0
10,26,0,0.0,1.0,1.0
10,26,1,0.0,1.0,1.0
11,4,0,0.0,1.0,1.0
11,4,1,0.0,1.0,1.0
11,9,0,0.0,1.0,1.0
11,9,1,0.0,1.0,1.0
11,14,0,0.0,1.0,1.0
11,14,1,0.0,1.0,1.0
11,18,0,0.0,1.0,1.0
11,18,1,0.0,1.0,1.0
11,23,0,0.0,1.0,1.0
11,23,1,0.0,1.0,1.0
11,26,0,0.0,1.0,1.0
11,26,1,0.0,1.0,1.0
12,4,0,0.0,1.0,1.0
12,4,1,0.0,1.0,1.0
12,9,0,0.0,1.0,1.0
12,9,1,0.0,1.0,1.0
12,14,0,0.0,1.0,1.0
12,14,1,0.0,1.0,1.0
12,18,0,0.0,1.0,1.0
12,18,1,0.0,1.0,1.0
12,23,0,0.0,1.0,1.0
12,23,1,0.0,1.0,1.0
12,26,0,0.0,1.0,1.0
12,26,1,0.0,1.0,1.0
13,4,0,0.0,1.0,1.0
13,4,1,0.0,1.0,1.0
13,9,0,0.0,1.0,1.0
13,9,1,0.0,1.0,1.0
13,14,0,0.0,1.0,1.0
13,14,1,0.0,1.0,1.0
13,18,0,0.0,1.0,1.0
13,18,1,0.0,1.0,1.0
13,23,0,0.0,1.0,1.0
13,23,1,0.0,1.0,1.0
13,26,0,0.0,1.0,1.0
13,26,1,0.0,1.0,1.0
14,4,0,0.0,1.0,1.0
14,4,1,0.0,1.0,1.0
14,9,0,0.0,1.0,1.0
14,9,1,0.0,1.0,1.0
14,14,0,0.0,1.0,1.0
14,14,1,0.0,1.0,1.0
14,18,0,0.0,1.0,1.0
14,18,1,0.0,1.0,1.0
14,23,0,0.0,1.0,1.0
14,23,1,0.0,1.0,1.0
14,26,0,0.0,1.0,1.0
14,26,1,0.0,1.0,1.0
